rule_id,regime_signal,condition_description,risk_level,priority,affected_factors,affected_strategies,recommended_action,action_severity,requires_human_review,data_inputs,notes

risk_on,Risk-On Regime,Equity beta positive with credit calm and volatility below elevated threshold,low,1,equity_beta;growth;credit;liquidity,economic_growth_beta_sleeve,Monitor risk-on growth suitability and benchmark alignment,info,FALSE,SPY return;QQQ return;IWM return;HYG return;LQD return;VIX level;VIX change,Strategy switch is rare; daily monitoring allowed; no daily logic rewrite; backtest and walk-forward required before activation; human review before defensive adjustment or switch

risk_off,Risk-Off Regime,Broad equity weakness with volatility expansion or defensive macro confirmation,high,4,equity_beta;growth;credit;volatility,defensive_sector_rotation;credit_stress_defensive_overlay,Propose defensive rotation review and reduce risk budget subject to human review,escalate,TRUE,SPY return;QQQ return;IWM return;VIX level;VIX change;portfolio drawdown;GLD return,Strategy switch is rare; daily monitoring allowed; no daily overfitting; backtest evidence required; human approval before switch

high_volatility,High Volatility Regime,VIX level or VIX change above elevated threshold with equity instability,high,4,volatility;equity_beta;credit,defensive_sector_rotation;credit_stress_defensive_overlay;volatility_spike_monitor_sleeve,Flag defensive adjustment candidate and volatility risk budget review,escalate,TRUE,VIX level;VIX change;SPY return;QQQ return;portfolio drawdown;portfolio VaR,Strategy switch is rare; propose actions only; human review before defensive adjustment or pause

low_volatility,Low Volatility Regime,VIX level and VIX change below calm threshold with stable credit,low,1,volatility;equity_beta;liquidity,economic_growth_beta_sleeve,Monitor low-vol risk-on sleeve fit; no automatic tilt,info,FALSE,VIX level;VIX change;HYG return;LQD return;SPY return,Daily monitoring allowed; strategy logic not rewritten daily; activation requires backtest and walk-forward

rates_up,Rates Rising Regime,TLT underperformance with rising real-yield or rate-shock proxy confirmation,medium,3,rates;duration;inflation;usd,real_rates_duration_sleeve;inflation_protection_sleeve;defensive_sector_rotation,Propose rates and inflation hedge review; reduce long-duration exposure candidate,propose,TRUE,TLT return;IEF return;SHY return;TIP return;UUP return;SPY return,Human review before defensive duration adjustment; backtest required before strategy activation

rates_down,Rates Falling Regime,TLT outperformance with disinflation or flight-to-duration pattern,medium,2,rates;duration;growth,economic_growth_beta_sleeve;real_rates_duration_sleeve,Monitor rates hedge invalidation and growth sleeve suitability,watch,TRUE,TLT return;IEF return;TIP return;SHY return;SPY return,Daily monitoring only; rare strategy switch; human review if proposing hedge unwind

credit_stress,Credit Stress Regime,HYG underperforms LQD with spread stress and rising volatility,high,4,credit;liquidity;equity_beta;volatility,credit_stress_defensive_overlay;defensive_sector_rotation,Flag credit defense candidate and propose HY exposure reduction subject to human review,escalate,TRUE,HYG return;LQD return;VIX level;VIX change;IWM return;QQQ return,Backtest and walk-forward required; human approval before credit defense activation

credit_calm,Credit Calm Regime,HYG and LQD stable with spread compression or neutral relative performance,low,1,credit;liquidity,economic_growth_beta_sleeve;credit_risk_premium_sleeve,Monitor credit calm and risk-on growth eligibility,info,FALSE,HYG return;LQD return;VIX level;SPY return,Daily monitoring allowed; no automatic strategy switch; human review for any defensive change

inflation_pressure,Inflation Pressure Regime,TIP and commodity proxies strengthen with breakeven or oil pressure confirmation,medium,3,inflation;commodities;rates;usd,inflation_protection_sleeve;energy_inflation_shock_rotation,Propose inflation shock hedge review and commodity sleeve check,propose,TRUE,TIP return;USO return;XLE proxy via USO return;UUP return;TLT return;SHY return,No daily overfitting; walk-forward evidence required; human review before tilt

usd_pressure,USD Strength Pressure,UUP outperforms with USD factor stress across risk assets,medium,3,usd;fx;equity_beta;commodities,usd_liquidity_stress_sleeve;gold_geopolitical_hedge_sleeve,Propose USD pressure hedge review and cross-asset confirmation check,propose,TRUE,UUP return;SPY return;QQQ return;GLD return;USO return;EM proxy via IWM return,Human review before defensive FX-linked adjustment; monitor false positives

oil_shock,Oil Shock Regime,USO spike with energy sector stress and inflation confirmation,high,4,commodities;inflation;equity_beta,inflation_protection_sleeve;gold_geopolitical_hedge_sleeve;energy_inflation_shock_rotation,Propose commodity and inflation hedge review; flag energy shock monitor,escalate,TRUE,USO return;TIP return;UUP return;SPY return;XLE sector monitor via holdings,Commodity volatility risk; backtest stress scenarios required; human review before activation

geopolitical_shock,Geopolitical Shock Regime,High headline severity with cross-asset confirmation in gold USD rates and equities,high,5,geopolitical;equity_beta;credit;commodities;usd,gold_geopolitical_hedge_sleeve;defensive_sector_rotation;credit_stress_defensive_overlay,Pause or switch strategy candidate subject to backtest evidence and human approval,escalate,TRUE,headline severity;cross-asset confirmation;GLD return;UUP return;IEF return;USO return;SPY return;HYG return,Strategy switch is rare; headline false positives possible; mandatory human review

liquidity_stress,Liquidity Stress Regime,Short-duration and IG outperform HY with vol spike and broad risk asset stress,critical,5,liquidity;credit;volatility;equity_beta,credit_stress_defensive_overlay;defensive_sector_rotation;gold_geopolitical_hedge_sleeve;liquidity_first_defensive_portfolio,Critical risk escalation: propose liquidity defense and risk budget cut subject to human review,critical,TRUE,SHY return;IEF return;LQD return;HYG return;VIX level;VIX change;portfolio VaR;portfolio drawdown,Not automated trading; human review required before any switch or pause

strategy_drift,Strategy Drift Trigger,Strategy live return deviates from expected return band beyond tolerance,medium,3,strategy_performance;tracking,economic_growth_beta_sleeve;defensive_sector_rotation;inflation_protection_sleeve;credit_stress_defensive_overlay;gold_geopolitical_hedge_sleeve,Propose strategy monitoring review and drift explanation; no automatic switch,propose,TRUE,strategy live return;strategy expected return band;portfolio drawdown,Daily monitoring allowed; switch rare; backtest evidence required before replacement strategy

var_breach,Portfolio VaR Breach Trigger,Portfolio VaR exceeds risk limit or prior-day estimate band,high,5,portfolio_risk;volatility,economic_growth_beta_sleeve;defensive_sector_rotation;credit_stress_defensive_overlay;inflation_protection_sleeve;gold_geopolitical_hedge_sleeve,Reduce risk budget candidate and propose defensive review subject to human review,critical,TRUE,portfolio VaR;VIX level;portfolio drawdown;SPY return;HYG return,Human review mandatory; not a trade execution command; escalate to risk committee if persistent

drawdown_breach,Portfolio Drawdown Breach Trigger,Portfolio drawdown exceeds maximum drawdown threshold,high,4,equity_beta;portfolio_risk;volatility,defensive_sector_rotation;credit_stress_defensive_overlay,Propose defensive rotation review and drawdown risk controls subject to human review,escalate,TRUE,portfolio drawdown;SPY return;QQQ return;IWM return;VIX change;portfolio VaR,Strategy switch rare; human approval required; walk-forward evidence before activating replacement strategy

